alpha_2_code,language,short_name,full_name
AD,en,Andorra,the Principality of Andorra
AD,fr,Andorre (l'),la Principauté d'Andorre
AD,ca,Andorra,
AE,en,United Arab Emirates (the),the United Arab Emirates
AE,fr,Émirats arabes unis (les),les Émirats arabes unis
AE,ar,Al Imārāt,
AF,en,Afghanistan,the Islamic Republic of Afghanistan
AF,fr,Afghanistan (l'),la République islamique d'Afghanistan
AF,fa,Afghānistān,
AF,ps,Afghānistān,
AG,en,Antigua and Barbuda,
AG,fr,Antigua-et-Barbuda,
AI,en,French Afars and Issas,
AI,fr,Afars et Issas,
AI,en,Anguilla,
AI,fr,Anguilla,
AL,en,Albania,the Republic of Albania
AL,fr,Albanie (l'),la République d'Albanie
AL,sq,Shqipëria; Shqipëri,
AM,en,Armenia,the Republic of Armenia
AM,fr,Arménie (l'),la République d'Arménie
AM,hy,Hayastan,
AN,en,Netherlands Antilles,
AN,fr,Antilles néerlandaises (les ) ,
AO,en,Angola,the Republic of Angola
AO,fr,Angola (l'),la République d'Angola
AO,pt,Angola,
AQ,en,Antarctica,
AQ,fr,Antarctique (l'),
AR,en,Argentina,the Argentine Republic
AR,fr,Argentine (l'),la République argentine
AR,es,Argentina (la),
AS,en,American Samoa,
AS,fr,Samoa américaines (les),
AT,en,Austria,the Republic of Austria
AT,fr,Autriche (l'),la République d'Autriche
AT,de,Österreich,
AU,en,Australia,
AU,fr,Australie (l'),
AW,en,Aruba,
AW,fr,Aruba,
AW,nl,Aruba,
AW,,Aruba,
AX,en,Åland Islands,
AX,fr,Åland(les Îles),
AX,sv,Åland,
AZ,en,Azerbaijan,the Republic of Azerbaijan
AZ,fr,Azerbaïdjan (l'),la République d'Azerbaïdjan
AZ,az,Azərbaycan,
BA,bs,Bosna i Hercegovina,
BA,en,Bosnia and Herzegovina,
BA,fr,Bosnie-Herzégovine (la),
BA,hr,Bosna i Hercegovina,
BA,sr,Bosna i Hercegovina,
BB,en,Barbados,
BB,fr,Barbade (la),
BD,en,Bangladesh,the People's Republic of Bangladesh
BD,fr,Bangladesh (le),la République populaire du Bangladesh
BD,bn,Bāṁlādesh,
BE,en,Belgium,the Kingdom of Belgium
BE,fr,Belgique (la),le Royaume de Belgique
BE,de,Belgien,
BE,nl,België,
BF,fr,Burkina Faso (le),le Burkina Faso
BF,en,Burkina Faso,
BG,en,Bulgaria,the Republic of Bulgaria
BG,fr,Bulgarie (la),la République de Bulgarie
BG,bg,Bulgaria,
BH,en,Bahrain,the Kingdom of Bahrain
BH,fr,Bahreïn,le Royaume de Bahreïn
BH,ar,Al Baḩrayn,
BI,en,Burundi,the Republic of Burundi
BI,fr,Burundi (le),la République du Burundi
BI,rn,Burundi,
BJ,en,Benin,the Republic of Benin
BJ,fr,Bénin (le),la République du Bénin
BL,en,Saint Barthélemy,
BL,fr,Saint-Barthélemy,
BM,en,Bermuda,
BM,fr,Bermudes (les),
BN,en,Brunei Darussalam,
BN,fr,Brunéi Darussalam (le),
BN,ms,Negara Brunei Darussalam,
BO,en,Bolivia (Plurinational State of),the Plurinational State of Bolivia
BO,fr,Bolivie (État plurinational de),l'État plurinational de Bolivie
BO,es,"Bolivia,  Estado Plurinacional de",
BQ,en,British Antarctic Territory,
BQ,fr,"Antarctique, Territoire britannique de l'",
BQ,en,"Bonaire, Sint Eustatius and Saba",
BQ,fr,"Bonaire, Saint-Eustache et Saba",
BQ,nl,"Bonaire, Sint Eustatius en Saba",
BQ,,"Boneiru, Sint Eustatius y Saba",
BR,en,Brazil,the Federative Republic of Brazil
BR,fr,Brésil (le),la République fédérative du Brésil
BR,pt,Brasil (o),
BS,en,Bahamas (the),the Commonwealth of the Bahamas
BS,fr,Bahamas (les),le Commonwealth des Bahamas
BT,en,Bhutan,the Kingdom of Bhutan
BT,fr,Bhoutan (le),le Royaume du Bhoutan
BT,dz,Druk-Yul,
BU,en,Burma,
BU,fr,Birmanie,
BV,en,Bouvet Island,
BV,fr,Bouvet (l'Île),
BV,nn,Bouvetøya,
BV,nb,Bouvetøya,
BW,en,Botswana,the Republic of Botswana
BW,fr,Botswana (le),la République du Botswana
BY,en,Byelorussian SSR,
BY,fr,"Biélorussie, RSS de",
BY,en,Belarus,the Republic of Belarus
BY,fr,Bélarus (le),la République du Bélarus
BY,be,Bielaruś,
BY,ru,Belarus',
BZ,en,Belize,
BZ,fr,Belize (le),
CA,en,Canada,
CA,fr,Canada (le),
CC,en,Cocos (Keeling) Islands (the),
CC,fr,Cocos (les Îles)/ Keeling (les Îles),
CD,en,Congo (the Democratic Republic of the),the Democratic Republic of the Congo
CD,fr,Congo (la République démocratique du),la République démocratique du Congo
CF,en,Central African Republic (the),the Central African Republic
CF,fr,République centrafricaine (la),la République centrafricaine
CF,sg,Ködörösêse tî Bêafrîka,
CG,en,Congo (the),the Republic of the Congo
CG,fr,Congo (le),la République du Congo
CH,en,Switzerland,the Swiss Confederation
CH,fr,Suisse (la),la Confédération suisse
CH,de,Schweiz (die),
CH,it,Svizzera (la),
CH,rm,Svizra (la),
CI,en,Côte d'Ivoire,the Republic of Côte d'Ivoire
CI,fr,Côte d'Ivoire (la),la Republic de Côte d'Ivoire
CK,en,Cook Islands (the),
CK,fr,Cook (les Îles),
CL,en,Chile,the Republic of Chile
CL,fr,Chili (le),la République du Chili
CL,es,Chile,
CM,en,Cameroon,the Republic of Cameroon
CM,fr,Cameroun (le),la République du Cameroun
CN,en,China,the People's Republic of China
CN,fr,Chine (la),la République populaire de Chine
CN,zh,Zhongguo,
CO,en,Colombia,the Republic of Colombia
CO,fr,Colombie (la),la République de Colombie
CO,es,Colombia,
CR,en,Costa Rica,the Republic of Costa Rica
CR,fr,Costa Rica (le),la République du Costa Rica
CR,es,Costa Rica,
CS,en,Serbia and Montenegro,
CS,fr,Serbie-et-Monténégro,
CS,en,Czechoslovakia,
CS,fr,Tchécoslovaquie,
CT,en,Canton and Enderbury Islands,
CT,fr,"Canton et Enderbury, Îles",
CU,en,Cuba,the Republic of Cuba
CU,fr,Cuba,la République de Cuba
CU,es,Cuba,
CV,en,Cabo Verde,the Republic of Cabo Verde
CV,fr,Cabo Verde,la République du Cabo Verde
CV,pt,Cabo Verde,
CW,en,Curaçao,
CW,fr,Curaçao,
CW,nl,Curaçao,
CW,,Kòrsou,
CX,en,Christmas Island,
CX,fr,Christmas (l'Île),
CY,en,Cyprus,the Republic of Cyprus
CY,fr,Chypre,la République de Chypre
CY,el,Kýpros,
CY,tr,Kıbrıs,
CZ,en,Czechia,the Czech Republic
CZ,fr,Tchéquie (la),la République tchèque
CZ,cs,Česko,
DD,en,German Democratic Republic,
DD,fr,"Allemande, République démocratique",
DE,en,Germany,the Federal Republic of Germany
DE,fr,Allemagne (l'),la République fédérale d'Allemagne
DE,de,Deutschland,
DJ,en,Djibouti,the Republic of Djibouti
DJ,fr,Djibouti,la République de Djibouti
DJ,ar,Jībūtī,
DK,en,Denmark,the Kingdom of Denmark
DK,fr,Danemark (le),le Royaume du Danemark
DK,da,Danmark,
DM,en,Dominica,the Commonwealth of Dominica
DM,fr,Dominique (la),le Commonwealth de Dominique
DO,en,Dominican Republic (the),the Dominican Republic
DO,fr,dominicaine (la République),la République dominicaine
DO,es,República Dominicana (la),
DY,en,Dahomey,
DY,fr,Dahomey,
DZ,en,Algeria,the People's Democratic Republic of Algeria
DZ,fr,Algérie (l'),la République algérienne démocratique et populaire
DZ,ar,Al Jazā'ir,
EC,en,Ecuador,the Republic of Ecuador
EC,fr,Équateur (l'),la République d'Équateur
EC,es,Ecuador (el),
EE,en,Estonia,the Republic of Estonia
EE,fr,Estonie (l'),la République d'Estonie
EE,et,Eesti,
EG,en,Egypt,the Arab Republic of Egypt
EG,fr,Égypte (l'),la République arabe d'Égypte
EG,ar,Mişr,
EH,ar,Aş Şaḩrā' al Gharbīyah,
EH,en,Western Sahara*,
EH,fr,Sahara occidental (le)*,
ER,en,Eritrea,the State of Eritrea
ER,fr,Érythrée (l'),l'État d'Érythrée
ER,ar,Irītrīyā,
ER,ti,Iertra,
ES,en,Spain,the Kingdom of Spain
ES,fr,Espagne (l'),le Royaume d'Espagne
ES,es,España,
ET,en,Ethiopia,the Federal Democratic Republic of Ethiopia
ET,fr,Éthiopie (l'),la République fédérale démocratique d'Éthiopie
ET,am,Ītyop'iya,
FI,en,Finland,the Republic of Finland
FI,fr,Finlande (la),la République de Finlande
FI,fi,Suomi,
FI,sv,Finland,
FJ,en,Fiji,the Republic of Fiji
FJ,fr,Fidji (les),la République des Fidji
FJ,fj,Viti,
FK,en,Falkland Islands (the) [Malvinas],
FK,fr,Falkland (les Îles)/Malouines (les Îles),
FM,en,Micronesia (Federated States of),the Federated States of Micronesia
FM,fr,Micronésie (États fédérés de),les États fédérés de Micronésie
FO,da,Færøerne,
FO,en,Faroe Islands (the),
FO,fo,Føroyar,
FO,fr,Féroé (les Îles),
FQ,en,French Southern and Antarctic Territories,
FQ,fr,"Australes et Antarctiques françaises, Terres",
FR,en,France,the French Republic
FR,fr,France (la),la République française
FX,en,"France, Metropolitan",
FX,fr,"France, Metropolitaine",
GA,en,Gabon,the Gabonese Republic
GA,fr,Gabon (le),la République gabonaise
GB,en,United Kingdom of Great Britain and Northern Ireland (the),the United Kingdom of Great Britain and Northern Ireland
GB,fr,Royaume-Uni de Grande-Bretagne et d'Irlande du Nord (le),le Royaume-Uni de Grande-Bretagne et d'Irlande du Nord
GD,en,Grenada,
GD,fr,Grenade (la),
GE,en,Gilbert and Ellice Islands,
GE,fr,"Gilbert et Ellice, Îles",
GE,en,Georgia,
GE,fr,Géorgie (la),
GE,ka,Sakartvelo,
GF,en,French Guiana,
GF,fr,Guyane française (la ),
GG,en,Guernsey,
GG,fr,Guernesey,
GH,en,Ghana,the Republic of Ghana
GH,fr,Ghana (le),la République du Ghana
GI,en,Gibraltar,
GI,fr,Gibraltar,
GL,da,Grønland,
GL,en,Greenland,
GL,fr,Groenland (le),
GL,kl,Kalaallit Nunaat,
GM,en,Gambia (the),the Republic of the Gambia
GM,fr,Gambie (la),la République de Gambie
GN,en,Guinea,the Republic of Guinea
GN,fr,Guinée (la),la République de Guinée
GP,en,Guadeloupe,
GP,fr,Guadeloupe (la),
GQ,en,Equatorial Guinea,the Republic of Equatorial Guinea
GQ,fr,Guinée équatoriale (la),la République de Guinée équatoriale
GQ,pt,Guiné Equatorial (a),
GQ,es,Guinea Ecuatorial,
GR,en,Greece,the Hellenic Republic
GR,fr,Grèce (la),la République hellénique
GR,el,Elláda,
GS,en,South Georgia and the South Sandwich Islands,
GS,fr,Géorgie du Sud-et-les Îles Sandwich du Sud (la),
GT,en,Guatemala,the Republic of Guatemala
GT,fr,Guatemala (le),la République du Guatemala
GT,es,Guatemala,
GU,en,Guam,
GU,fr,Guam,
GW,en,Guinea-Bissau,the Republic of Guinea-Bissau
GW,fr,Guinée-Bissau (la),la République de Guinée-Bissau
GW,pt,Guiné-Bissau (a),
GY,en,Guyana,the Co-operative Republic of Guyana
GY,fr,Guyana (le),la République coopérative du Guyana
HK,en,Hong Kong,the Hong Kong Special Administrative Region of China
HK,fr,Hong Kong,"Hong Kong, Région administrative spéciale de Chine (la)"
HK,zh,Xianggang,
HM,fr,Heard-et-Îles MacDonald (l'Île),ll'Île Heard-et-Îles MacDonald
HM,en,Heard Island and McDonald Islands,
HN,en,Honduras,the Republic of Honduras
HN,fr,Honduras (le),la République du Honduras
HN,es,Honduras,
HR,en,Croatia,the Republic of Croatia
HR,fr,Croatie (la),la République de Croatie
HR,hr,Hrvatska,
HT,en,Haiti,the Republic of Haiti
HT,fr,Haïti,la République d'Haïti
HT,ht,Ayiti,
HU,en,Hungary,
HU,fr,Hongrie (la),
HU,hu,Magyarország,
HV,en,Upper Volta,
HV,fr,Haute-Volta,
ID,en,Indonesia,the Republic of Indonesia
ID,fr,Indonésie (l'),la République d'Indonésie
ID,id,Indonesia,
IE,en,Ireland,
IE,fr,Irlande (l'),
IE,ga,Éire,
IL,en,Israel,the State of Israel
IL,fr,Israël,l'État d'Israël
IL,ar,Isrā'īl,
IL,he,Yisra'el,
IM,en,Isle of Man,
IM,fr,Île de Man,
IN,en,India,the Republic of India
IN,fr,Inde (l'),la République de l'Inde
IN,hi,Bhārat,
IO,fr,Indien (le Territoire britannique de l'océan),le Territoire britannique de l'océan Indien
IO,en,British Indian Ocean Territory (the),
IQ,en,Iraq,the Republic of Iraq
IQ,fr,Iraq (l'),la République d'Iraq
IQ,ar,Al ‘Irāq,
IQ,ku,‘Êraq,
IR,en,Iran (Islamic Republic of),the Islamic Republic of Iran
IR,fr,Iran (République Islamique d'),la République islamique d'Iran
IR,fa,Jomhūrī-ye Eslāmī-ye Īrān,
IS,en,Iceland,the Republic of Iceland
IS,fr,Islande (l'),la République d'Islande
IS,is,Ísland,
IT,en,Italy,the Republic of Italy
IT,fr,Italie (l'),la République italienne
IT,it,Italia (l'),
JE,en,Jersey,
JE,fr,Jersey,
JM,en,Jamaica,
JM,fr,Jamaïque (la),
JO,en,Jordan,the Hashemite Kingdom of Jordan
JO,fr,Jordanie (la),le Royaume hachémite de Jordanie
JO,ar,Al Urdun,
JP,en,Japan,
JP,fr,Japon (le),
JP,ja,Nihon/Nippon,
JT,en,Johnston Island,
JT,fr,"Johnston, Île",
KE,en,Kenya,the Republic of Kenya
KE,fr,Kenya (le),la République du Kenya
KE,sw,Kenya,
KG,en,Kyrgyzstan,the Kyrgyz Republic
KG,fr,Kirghizistan (le),la République kirghize
KG,ky,Kyrgyzstan,
KG,ru,Kyrgyzstan,
KH,en,Cambodia,the Kingdom of Cambodia
KH,fr,Cambodge (le),le Royaume du Cambodge
KH,km,Kâmpŭchéa,
KI,en,Kiribati,the Republic of Kiribati
KI,fr,Kiribati,la République de Kiribati
KI,,Kiribati,
KM,en,Comoros (the),the Union of the Comoros
KM,fr,Comores (les),l'Union des Comores
KM,,Komori,
KM,ar,Al Qamar,
KN,en,Saint Kitts and Nevis,
KN,fr,Saint-Kitts-et-Nevis,
KP,en,Korea (the Democratic People's Republic of),the Democratic People's Republic of Korea
KP,fr,Corée (la République populaire démocratique de),la République populaire démocratique de Corée
KP,ko,Chosŏn,
KR,en,Korea (the Republic of),the Republic of Korea
KR,fr,Corée (la République de),la République de Corée
KR,ko,Hanguk,
KW,en,Kuwait,the State of Kuwait
KW,fr,Koweït (le),l'État du Koweït
KW,ar,Al Kuwayt,
KY,en,Cayman Islands (the),
KY,fr,Caïmans (les Îles),
KZ,en,Kazakhstan,the Republic of Kazakhstan
KZ,fr,Kazakhstan (le),la République du Kazakhstan
KZ,kk,Qazaqstan,
KZ,ru,Kazahstan,
LA,en,Lao People's Democratic Republic (the),the Lao People's Democratic Republic
LA,fr,Lao (la République démocratique populaire),la République démocratique populaire lao
LA,lo,Sathalanalat Paxathipatai Paxaxôn Lao,
LB,en,Lebanon,the Lebanese Republic
LB,fr,Liban (le),la République libanaise
LB,ar,Lubnān,
LC,en,Saint Lucia,
LC,fr,Sainte-Lucie,
LI,en,Liechtenstein,the Principality of Liechtenstein
LI,fr,Liechtenstein (le),la Principauté du Liechtenstein
LI,de,Liechtenstein,
LK,en,Sri Lanka,the Democratic Socialist Republic of Sri Lanka
LK,fr,Sri Lanka,la République socialiste démocratique du Sri Lanka
LK,si,Shrī Laṁkā,
LK,ta,Ilaṅkai,
LR,en,Liberia,the Republic of Liberia
LR,fr,Libéria (le),la République du Libéria
LS,en,Lesotho,the Kingdom of Lesotho
LS,fr,Lesotho (le),le Royaume du Lesotho
LS,st,Lesotho,
LT,en,Lithuania,the Republic of Lithuania
LT,fr,Lituanie (la),la République de Lituanie
LT,lt,Lietuva,
LU,en,Luxembourg,the Grand Duchy of Luxembourg
LU,fr,Luxembourg (le),le Grand-Duché de Luxembourg
LU,de,Luxemburg,
LU,lb,Lëtzebuerg,
LV,en,Latvia,the Republic of Latvia
LV,fr,Lettonie (la),la République de Lettonie
LV,lv,Latvija,
LY,en,Libya,the State of Libya
LY,fr,Libye (la),l'État de Libye
LY,ar,Lībiyā,
MA,en,Morocco,the Kingdom of Morocco
MA,fr,Maroc (le),le Royaume du Maroc
MA,ar,Al Maghrib,
MC,en,Monaco,the Principality of Monaco
MC,fr,Monaco,la Principauté de Monaco
MD,en,Moldova (the Republic of),the Republic of Moldova
MD,fr,Moldova (la République de),la République de Moldova
MD,ro,Republica Moldova,
ME,fr,Monténégro (le),Monténégro (le)
ME,,Crna Gora,
ME,en,Montenegro,
MF,en,Saint Martin (French part),
MF,fr,Saint-Martin (partie française),
MG,en,Madagascar,the Republic of Madagascar
MG,fr,Madagascar,la République de Madagascar
MG,mg,Madagasikara,
MH,en,Marshall Islands (the),the Republic of the Marshall Islands
MH,fr,Marshall (les Îles),la République des Îles Marshall
MH,mh,Aelōn̄ in M̧ajeļ,
MI,en,Midway Islands,
MI,fr,"Midway, Îles",
MK,en,North Macedonia,the Republic of North Macedonia
MK,fr,Macédoine du Nord (la),la République de Macédoine du Nord
MK,mk,Severna Makedonija,
ML,en,Mali,the Republic of Mali
ML,fr,Mali (le),la République du Mali
MM,en,Myanmar,the Republic of the Union of Myanmar
MM,fr,Myanmar (le),la République de l'Union du Myanmar
MM,my,Myanma,
MN,en,Mongolia,
MN,fr,Mongolie (la),
MN,mn,Mongol,
MO,en,Macao,Macao Special Administrative Region of China
MO,fr,Macao,"Macao, Région administrative spéciale de Chine"
MO,pt,Macau,
MO,zh,Aomen,
MP,en,Northern Mariana Islands (the),the Commonwealth of the Northern Mariana Islands
MP,fr,Mariannes du Nord (les Îles),les Îles Mariannes du Nord
MQ,en,Martinique,
MQ,fr,Martinique (la),
MR,en,Mauritania,the Islamic Republic of Mauritania
MR,fr,Mauritanie (la),la République islamique de Mauritanie
MR,ar,Mūrītāniyā,
MS,en,Montserrat,
MS,fr,Montserrat,
MT,en,Malta,the Republic of Malta
MT,fr,Malte,la République de Malte
MT,mt,Malta,
MU,en,Mauritius,the Republic of Mauritius
MU,fr,Maurice,la République de Maurice
MV,en,Maldives,the Republic of Maldives
MV,fr,Maldives (les),la République des Maldives
MV,dv,Dhivehi Raajje,
MW,en,Malawi,the Republic of Malawi
MW,fr,Malawi (le),la République du Malawi
MW,ny,Malaŵi,
MX,en,Mexico,the United Mexican States
MX,fr,Mexique (le),les États-Unis du Mexique
MX,es,México,
MY,en,Malaysia,
MY,fr,Malaisie (la),
MY,ms,Malaysia,
MZ,en,Mozambique,the Republic of Mozambique
MZ,fr,Mozambique (le),la République du Mozambique
MZ,pt,Moçambique,
NA,en,Namibia,the Republic of Namibia
NA,fr,Namibie (la),la République de Namibie
NC,en,New Caledonia,
NC,fr,Nouvelle-Calédonie (la),
NE,en,Niger (the),the Republic of the Niger
NE,fr,Niger (le),la République du Niger
NF,en,Norfolk Island,
NF,fr,Norfolk (l'Île),
NG,en,Nigeria,the Federal Republic of Nigeria
NG,fr,Nigéria (le),la République fédérale du Nigéria
NH,en,New Hebrides,
NH,fr,Nouvelles-Hébrides,
NI,en,Nicaragua,the Republic of Nicaragua
NI,fr,Nicaragua (le),la République du Nicaragua
NI,es,Nicaragua,
NL,en,Netherlands (the),the Kingdom of the Netherlands
NL,fr,Pays-Bas (les),le Royaume des Pays-Bas
NL,nl,Nederland,
NO,en,Norway,the Kingdom of Norway
NO,fr,Norvège (la),le Royaume de Norvège
NO,nn,Noreg,
NO,nb,Norge,
NP,en,Nepal,
NP,fr,Népal (le),
NP,ne,Nepāl,
NQ,en,Dronning Maud Land,
NQ,fr,Terre de la Reine Maud,
NR,en,Nauru,the Republic of Nauru
NR,fr,Nauru,la République de Nauru
NR,na,Naoero,
NT,en,Neutral Zone,
NT,fr,Zone neutre,
NU,en,Niue,
NU,fr,Niue,
NU,,Niue,
NZ,en,New Zealand,
NZ,fr,Nouvelle-Zélande (la),
NZ,mi,Aotearoa,
OM,en,Oman,the Sultanate of Oman
OM,fr,Oman,le Sultanat d'Oman
OM,ar,‘Umān,
PA,en,Panama,the Republic of Panama
PA,fr,Panama (le),la République du Panama
PA,es,Panamá,
PC,en,Pacific Islands (Trust Territory),
PC,fr,"Pacifique, Îles du (territoire sous tutelle)",
PE,en,Peru,the Republic of Peru
PE,fr,Pérou (le),la République du Pérou
PE,ay,Perú,
PE,qu,Perú,
PE,es,Perú (el),
PF,en,French Polynesia,
PF,fr,Polynésie française (la),
PG,en,Papua New Guinea,the Independent State of Papua New Guinea
PG,fr,Papouasie-Nouvelle-Guinée (la),l'État indépendant de Papouasie-Nouvelle-Guinée
PG,ho,Papuaniugini,
PG,,Papuaniugini,
PH,en,Philippines (the),the Republic of the Philippines
PH,fr,Philippines (les),la République des Philippines
PH,tl,Pilipinas,
PK,en,Pakistan,the Islamic Republic of Pakistan
PK,fr,Pakistan (le),la République islamique du Pakistan
PK,ur,Pākistān,
PL,en,Poland,the Republic of Poland
PL,fr,Pologne (la),la République de Pologne
PL,pl,Polska,
PM,en,Saint Pierre and Miquelon,
PM,fr,Saint-Pierre-et-Miquelon,
PN,en,Pitcairn,
PN,fr,Pitcairn,
PR,en,Puerto Rico,
PR,fr,Porto Rico,
PR,es,Puerto Rico,
PS,en,"Palestine, State of",the State of Palestine
PS,fr,"Palestine, État de",l'État de Palestine
PS,ar,Dawlat Filasţīn,
PT,en,Portugal,the Portuguese Republic
PT,fr,Portugal (le),la République portugaise
PT,pt,Portugal,
PU,en,United States Miscellaneous Pacific Islands,
PU,fr,"Pacifique, Diverses îles du (États-Unis)",
PW,en,Palau,the Republic of Palau
PW,fr,Palaos (les),la République des Palaos
PW,,Belau,
PY,en,Paraguay,the Republic of Paraguay
PY,fr,Paraguay (le),la République du Paraguay
PY,gn,Paraguay,
PY,es,Paraguay (el),
PZ,en,Panama Canal Zone,
PZ,fr,"Panama, Zone du Canal de",
QA,en,Qatar,the State of Qatar
QA,fr,Qatar (le),l'État du Qatar
QA,ar,Qaţar,
RE,en,Réunion,
RE,fr,Réunion (La),
RH,en,Southern Rhodesia,
RH,fr,Rhodésie du Sud,
RO,en,Romania,
RO,fr,Roumanie (la),
RO,ro,România,
RS,en,Serbia,the Republic of Serbia
RS,fr,Serbie (la),la République de Serbie
RS,sr,Srbija,
RU,en,Russian Federation (the),the Russian Federation
RU,fr,Russie (la Fédération de),la Fédération de Russie
RU,ru,Rossijskaja Federacija,
RW,en,Rwanda,the Republic of Rwanda
RW,fr,Rwanda (le),la République du Rwanda
RW,rw,Rwanda,
SA,en,Saudi Arabia,the Kingdom of Saudi Arabia
SA,fr,Arabie saoudite (l'),le Royaume d'Arabie saoudite
SA,ar,As Su‘ūdīyah,
SB,fr,Salomon (les Îles),les Îles Salomon
SB,en,Solomon Islands,
SC,en,Seychelles,the Republic of Seychelles
SC,fr,Seychelles (les),la République des Seychelles
SC,,Sesel,
SD,en,Sudan (the),the Republic of the Sudan
SD,fr,Soudan (le),la République du Soudan
SD,ar,As Sūdān,
SE,en,Sweden,the Kingdom of Sweden
SE,fr,Suède (la),le Royaume de Suède
SE,sv,Sverige,
SG,en,Singapore,the Republic of Singapore
SG,fr,Singapour,la République de Singapour
SG,ms,Singapura,
SG,ta,Chiṅkappūr,
SG,zh,Xinjiapo,
SH,en,"Saint Helena, Ascension and Tristan da Cunha",
SH,fr,"Sainte-Hélène, Ascension et Tristan da Cunha",
SI,en,Slovenia,the Republic of Slovenia
SI,fr,Slovénie (la),la République de Slovénie
SI,sl,Slovenija,
SJ,en,Svalbard and Jan Mayen,
SJ,fr,Svalbard et l'Île Jan Mayen (le),
SJ,nn,Svalbard og Jan Mayen,
SJ,nb,Svalbard og Jan Mayen,
SK,en,Slovakia,the Slovak Republic
SK,fr,Slovaquie (la),la République slovaque
SK,sk,Slovensko,
SK,en,Sikkim,
SK,fr,Sikkim,
SL,en,Sierra Leone,the Republic of Sierra Leone
SL,fr,Sierra Leone (la),la République de Sierra Leone
SM,en,San Marino,the Republic of San Marino
SM,fr,Saint-Marin,la République de Saint-Marin
SM,it,San Marino,
SN,en,Senegal,the Republic of Senegal
SN,fr,Sénégal (le),la République du Sénégal
SO,en,Somalia,the Federal Republic of Somalia
SO,fr,Somalie (la),la République fédérale de Somalie
SO,ar,Aş Şūmāl,
SO,so,Soomaaliya,
SR,en,Suriname,the Republic of Suriname
SR,fr,Suriname (le),la République du Suriname
SR,nl,Suriname,
SS,en,South Sudan,the Republic of South Sudan
SS,fr,Soudan du Sud (le),la République du Soudan du Sud
ST,en,Sao Tome and Principe,the Democratic Republic of Sao Tome and Principe
ST,fr,Sao Tomé-et-Principe,la République démocratique de Sao Tomé-et-Principe
ST,pt,São Tomé e Príncipe,
SU,en,USSR,
SU,fr,URSS,
SV,en,El Salvador,the Republic of El Salvador
SV,fr,El Salvador,la République d'El Salvador
SV,es,El Salvador,
SX,en,Sint Maarten (Dutch part),
SX,fr,Saint-Martin (partie néerlandaise),
SX,nl,Sint Maarten,
SY,en,Syrian Arab Republic (the),the Syrian Arab Republic
SY,fr,République arabe syrienne (la),la République arabe syrienne
SY,ar,Al Jumhūrīyah al ‘Arabīyah as Sūrīyah,
SZ,en,Eswatini,the Kingdom of Eswatini
SZ,fr,Eswatini (l'),le Royaume d’Eswatini
SZ,ss,eSwatini,
TC,en,Turks and Caicos Islands (the),
TC,fr,Turks-et-Caïcos (les Îles),
TD,en,Chad,the Republic of Chad
TD,fr,Tchad (le),la République du Tchad
TD,ar,Tshād,
TF,en,French Southern Territories (the),
TF,fr,Terres australes françaises (les),
TG,en,Togo,the Togolese Republic
TG,fr,Togo (le),la République togolaise
TH,en,Thailand,the Kingdom of Thailand
TH,fr,Thaïlande (la),le Royaume de Thaïlande
TH,th,Prathet Thai,
TJ,en,Tajikistan,the Republic of Tajikistan
TJ,fr,Tadjikistan (le),la République du Tadjikistan
TJ,tg,Tojikiston,
TK,en,Tokelau,
TK,fr,Tokelau (les),
TK,,Tokelau,
TL,en,Timor-Leste,the Democratic Republic of Timor-Leste
TL,fr,Timor-Leste (le),la République démocratique du Timor-Leste
TL,pt,Timor-Leste,
TL,,Timor Lorosa'e,
TM,en,Turkmenistan,
TM,fr,Turkménistan (le),
TM,tk,Türkmenistan,
TN,en,Tunisia,the Republic of Tunisia
TN,fr,Tunisie (la),la République tunisienne
TN,ar,Tūnis,
TO,en,Tonga,the Kingdom of Tonga
TO,fr,Tonga (les),le Royaume des Tonga
TO,to,Tonga,
TP,en,East Timor,
TP,fr,Timor oriental,
TR,en,Turkey,the Republic of Turkey
TR,fr,Turquie (la),la République turque
TR,tr,Türkiye,
TT,en,Trinidad and Tobago,the Republic of Trinidad and Tobago
TT,fr,Trinité-et-Tobago (la),la République de Trinité-et-Tobago
TV,en,Tuvalu,
TV,fr,Tuvalu (les),
TV,,Tuvalu,
TW,en,Taiwan (Province of China),
TW,fr,Taïwan (Province de Chine),
TW,zh,Taiwan,
TZ,en,"Tanzania, the United Republic of",the United Republic of Tanzania
TZ,fr,Tanzanie (la République-Unie de),la République-Unie de Tanzanie
TZ,sw,Jamhuri ya Muungano wa Tanzania,
UA,en,Ukraine,
UA,fr,Ukraine (l'),
UA,uk,Ukraina,
UG,en,Uganda,the Republic of Uganda
UG,fr,Ouganda (l'),la République d'Ouganda
UM,en,United States Minor Outlying Islands (the),
UM,fr,Îles mineures éloignées des États-Unis (les),
US,en,United States of America (the),the United States of America
US,fr,États-Unis d'Amérique (les),les États-Unis d'Amérique
UY,en,Uruguay,the Eastern Republic of Uruguay
UY,fr,Uruguay (l'),la République orientale de l'Uruguay
UY,es,Uruguay (el),
UZ,en,Uzbekistan,the Republic of Uzbekistan
UZ,fr,Ouzbékistan (l'),la République d'Ouzbékistan
UZ,uz,O‘zbekiston,
VA,en,Holy See (the),
VA,fr,Saint-Siège (le),
VA,it,Santa Sede (la),
VA,la,Sancta Sedes,
VC,en,Saint Vincent and the Grenadines,
VC,fr,Saint-Vincent-et-les Grenadines,
VD,en,"Viet-Nam, Democratic Republic of",
VD,fr,"Viet-Nam, République démocratique du",
VE,en,Venezuela (Bolivarian Republic of),the Bolivarian Republic of Venezuela
VE,fr,Venezuela (République bolivarienne du),la République bolivarienne du Venezuela
VE,es,"Venezuela, República Bolivariana de",
VG,en,Virgin Islands (British),British Virgin Islands (the)
VG,fr,Vierges britanniques (les Îles),
VI,en,Virgin Islands (U.S.),the Virgin Islands of the United States
VI,fr,Vierges des États-Unis (les Îles),
VN,en,Viet Nam,the Socialist Republic of Viet Nam
VN,fr,Viet Nam (le),la République socialiste du Viet Nam
VN,vi,Việt Nam,
VU,en,Vanuatu,the Republic of Vanuatu
VU,fr,Vanuatu (le),la République du Vanuatu
VU,bi,Vanuatu,
WF,en,Wallis and Futuna,Wallis and Futuna Islands
WF,fr,Wallis-et-Futuna ,les Îles Wallis-et-Futuna
WK,en,Wake Island,
WK,fr,"Wake, Île de",
WS,en,Samoa,the Independent State of Samoa
WS,fr,Samoa (le),l'État indépendant du Samoa
WS,sm,Samoa,
YD,en,"Yemen, Democratic",
YD,fr,Yémen démocratique,
YE,en,Yemen,the Republic of Yemen
YE,fr,Yémen (le),la République du Yémen
YE,ar,Al Yaman,
YT,en,Mayotte,
YT,fr,Mayotte,
YU,en,Yugoslavia,
YU,fr,Yougoslavie,
ZA,en,South Africa,the Republic of South Africa
ZA,fr,Afrique du Sud (l'),la République sud-africaine
ZA,af,Suid-Afrika,
ZA,nr,Sewula Afrika,
ZA,,Afrika-Borwa,
ZA,st,Afrika-Borwa,
ZA,ss,Ningizimu Afrika,
ZA,tn,Afrika-Borwa,
ZA,ts,Afrika-Dzonga,
ZA,ve,Afrika Tshipembe,
ZA,xh,Mzantsi Afrika,
ZA,zu,Ningizimu Afrika,
ZM,en,Zambia,the Republic of Zambia
ZM,fr,Zambie (la),la République de Zambie
ZR,en,Zaire,
ZR,fr,Zaïre,
ZW,en,Zimbabwe,the Republic of Zimbabwe
ZW,fr,Zimbabwe (le),la République du Zimbabwe
